{
  "configuration_metrics": {
    "vanilla_llm": {
      "total_samples": 52,
      "overall_rating_mean": 6.653846153846154,
      "overall_rating_std": 1.169625637855983,
      "vulnerability_fix_rate": 53.84615384615385,
      "logic_preservation_rate": 88.46153846153845,
      "no_new_vulnerabilities_rate": 86.53846153846155,
      "high_confidence_rate": 42.30769230769231,
      "code_quality_mean": 6.653846153846154,
      "code_quality_std": 1.169625637855983,
      "cwe_detection_accuracy": 53.84615384615385,
      "security_improvement_high_rate": 86.53846153846155
    },
    "cwe_only_rag": {
      "total_samples": 52,
      "overall_rating_mean": 7.961538461538462,
      "overall_rating_std": 0.7129485436850859,
      "vulnerability_fix_rate": 92.3076923076923,
      "logic_preservation_rate": 96.15384615384616,
      "no_new_vulnerabilities_rate": 100.0,
      "high_confidence_rate": 88.46153846153845,
      "code_quality_mean": 7.961538461538462,
      "code_quality_std": 0.7129485436850859,
      "cwe_detection_accuracy": 92.3076923076923,
      "security_improvement_high_rate": 100.0
    },
    "repo_only_rag": {
      "total_samples": 52,
      "overall_rating_mean": 8.057692307692308,
      "overall_rating_std": 0.6977122711211273,
      "vulnerability_fix_rate": 98.07692307692307,
      "logic_preservation_rate": 98.07692307692307,
      "no_new_vulnerabilities_rate": 98.07692307692307,
      "high_confidence_rate": 94.23076923076923,
      "code_quality_mean": 8.057692307692308,
      "code_quality_std": 0.6977122711211273,
      "cwe_detection_accuracy": 98.07692307692307,
      "security_improvement_high_rate": 98.07692307692307
    },
    "full_rag_no_refinement": {
      "total_samples": 52,
      "overall_rating_mean": 8.076923076923077,
      "overall_rating_std": 0.6815827556433239,
      "vulnerability_fix_rate": 98.07692307692307,
      "logic_preservation_rate": 98.07692307692307,
      "no_new_vulnerabilities_rate": 100.0,
      "high_confidence_rate": 94.23076923076923,
      "code_quality_mean": 8.076923076923077,
      "code_quality_std": 0.6815827556433239,
      "cwe_detection_accuracy": 98.07692307692307,
      "security_improvement_high_rate": 100.0
    },
    "full_rag_1_cycle": {
      "total_samples": 52,
      "overall_rating_mean": 8.076923076923077,
      "overall_rating_std": 0.43594179527636295,
      "vulnerability_fix_rate": 98.07692307692307,
      "logic_preservation_rate": 98.07692307692307,
      "no_new_vulnerabilities_rate": 100.0,
      "high_confidence_rate": 96.15384615384616,
      "code_quality_mean": 8.076923076923077,
      "code_quality_std": 0.43594179527636295,
      "cwe_detection_accuracy": 98.07692307692307,
      "security_improvement_high_rate": 100.0
    },
    "full_rag_2_cycles": {
      "total_samples": 52,
      "overall_rating_mean": 8.038461538461538,
      "overall_rating_std": 0.7399400733959437,
      "vulnerability_fix_rate": 94.23076923076923,
      "logic_preservation_rate": 96.15384615384616,
      "no_new_vulnerabilities_rate": 98.07692307692307,
      "high_confidence_rate": 92.3076923076923,
      "code_quality_mean": 8.038461538461538,
      "code_quality_std": 0.7399400733959437,
      "cwe_detection_accuracy": 94.23076923076923,
      "security_improvement_high_rate": 98.07692307692307
    }
  },
  "comparison_table": [
    {
      "Configuration": "vanilla_llm",
      "Description": "Vanilla LLM with no RAG context",
      "CWE RAG": false,
      "Repo RAG": false,
      "Refinement Cycles": 0,
      "Overall Rating": "6.65\u00b11.17",
      "Vulnerability Fix Rate": "53.8%",
      "Logic Preservation Rate": "88.5%",
      "No New Vulnerabilities Rate": "86.5%",
      "High Confidence Rate": "42.3%",
      "CWE Detection Accuracy": "53.8%",
      "Code Quality": "6.65\u00b11.17",
      "Security Improvement": "86.5%"
    },
    {
      "Configuration": "cwe_only_rag",
      "Description": "CWE RAG context only, no repository context",
      "CWE RAG": true,
      "Repo RAG": false,
      "Refinement Cycles": 1,
      "Overall Rating": "7.96\u00b10.71",
      "Vulnerability Fix Rate": "92.3%",
      "Logic Preservation Rate": "96.2%",
      "No New Vulnerabilities Rate": "100.0%",
      "High Confidence Rate": "88.5%",
      "CWE Detection Accuracy": "92.3%",
      "Code Quality": "7.96\u00b10.71",
      "Security Improvement": "100.0%"
    },
    {
      "Configuration": "repo_only_rag",
      "Description": "Repository RAG context only, no CWE context",
      "CWE RAG": false,
      "Repo RAG": true,
      "Refinement Cycles": 1,
      "Overall Rating": "8.06\u00b10.70",
      "Vulnerability Fix Rate": "98.1%",
      "Logic Preservation Rate": "98.1%",
      "No New Vulnerabilities Rate": "98.1%",
      "High Confidence Rate": "94.2%",
      "CWE Detection Accuracy": "98.1%",
      "Code Quality": "8.06\u00b10.70",
      "Security Improvement": "98.1%"
    },
    {
      "Configuration": "full_rag_no_refinement",
      "Description": "Full RAG (CWE + Repo) with no refinement cycles",
      "CWE RAG": true,
      "Repo RAG": true,
      "Refinement Cycles": 0,
      "Overall Rating": "8.08\u00b10.68",
      "Vulnerability Fix Rate": "98.1%",
      "Logic Preservation Rate": "98.1%",
      "No New Vulnerabilities Rate": "100.0%",
      "High Confidence Rate": "94.2%",
      "CWE Detection Accuracy": "98.1%",
      "Code Quality": "8.08\u00b10.68",
      "Security Improvement": "100.0%"
    },
    {
      "Configuration": "full_rag_1_cycle",
      "Description": "Full RAG (CWE + Repo) with 1 refinement cycle",
      "CWE RAG": true,
      "Repo RAG": true,
      "Refinement Cycles": 1,
      "Overall Rating": "8.08\u00b10.44",
      "Vulnerability Fix Rate": "98.1%",
      "Logic Preservation Rate": "98.1%",
      "No New Vulnerabilities Rate": "100.0%",
      "High Confidence Rate": "96.2%",
      "CWE Detection Accuracy": "98.1%",
      "Code Quality": "8.08\u00b10.44",
      "Security Improvement": "100.0%"
    },
    {
      "Configuration": "full_rag_2_cycles",
      "Description": "Full RAG (CWE + Repo) with 2 refinement cycles (baseline)",
      "CWE RAG": true,
      "Repo RAG": true,
      "Refinement Cycles": 2,
      "Overall Rating": "8.04\u00b10.74",
      "Vulnerability Fix Rate": "94.2%",
      "Logic Preservation Rate": "96.2%",
      "No New Vulnerabilities Rate": "98.1%",
      "High Confidence Rate": "92.3%",
      "CWE Detection Accuracy": "94.2%",
      "Code Quality": "8.04\u00b10.74",
      "Security Improvement": "98.1%"
    }
  ],
  "insights": [
    "Best overall performer: full_rag_no_refinement (rating: 8.08)",
    "Worst overall performer: vanilla_llm (rating: 6.65)",
    "Full RAG vs Vanilla improvement: 1.38 points (20.8%)",
    "Repository context appears more beneficial than CWE context alone",
    "Refinement cycles show mixed results - may need further investigation"
  ],
  "best_performing": {
    "overall_rating": [
      "full_rag_no_refinement",
      {
        "total_samples": 52,
        "overall_rating_mean": 8.076923076923077,
        "overall_rating_std": 0.6815827556433239,
        "vulnerability_fix_rate": 98.07692307692307,
        "logic_preservation_rate": 98.07692307692307,
        "no_new_vulnerabilities_rate": 100.0,
        "high_confidence_rate": 94.23076923076923,
        "code_quality_mean": 8.076923076923077,
        "code_quality_std": 0.6815827556433239,
        "cwe_detection_accuracy": 98.07692307692307,
        "security_improvement_high_rate": 100.0
      }
    ],
    "cwe_detection": [
      "repo_only_rag",
      {
        "total_samples": 52,
        "overall_rating_mean": 8.057692307692308,
        "overall_rating_std": 0.6977122711211273,
        "vulnerability_fix_rate": 98.07692307692307,
        "logic_preservation_rate": 98.07692307692307,
        "no_new_vulnerabilities_rate": 98.07692307692307,
        "high_confidence_rate": 94.23076923076923,