{
  "configuration_metrics": {
    "cwe_only_rag": {
      "total_samples": 52,
      "overall_rating_mean": 4.769230769230769,
      "overall_rating_std": 2.348260805031344,
      "vulnerability_fix_rate": 32.69230769230769,
      "logic_preservation_rate": 21.153846153846153,
      "no_new_vulnerabilities_rate": 73.07692307692307,
      "high_confidence_rate": 82.6923076923077
    },
    "full_rag_1_cycle": {
      "total_samples": 52,
      "overall_rating_mean": 3.9423076923076925,
      "overall_rating_std": 1.819431731348474,
      "vulnerability_fix_rate": 15.384615384615385,
      "logic_preservation_rate": 25.0,
      "no_new_vulnerabilities_rate": 63.46153846153846,
      "high_confidence_rate": 75.0
    },
    "full_rag_2_cycles": {
      "total_samples": 52,
      "overall_rating_mean": 3.6346153846153846,
      "overall_rating_std": 1.782582904090228,
      "vulnerability_fix_rate": 13.461538461538462,
      "logic_preservation_rate": 15.384615384615385,
      "no_new_vulnerabilities_rate": 51.92307692307693,
      "high_confidence_rate": 75.0
    },
    "full_rag_no_refinement": {
      "total_samples": 52,
      "overall_rating_mean": 3.8461538461538463,
      "overall_rating_std": 1.954227347287638,
      "vulnerability_fix_rate": 17.307692307692307,
      "logic_preservation_rate": 23.076923076923077,
      "no_new_vulnerabilities_rate": 76.92307692307693,
      "high_confidence_rate": 75.0
    },
    "repo_only_rag": {
      "total_samples": 52,
      "overall_rating_mean": 4.1923076923076925,
      "overall_rating_std": 1.7936539716834308,
      "vulnerability_fix_rate": 23.076923076923077,
      "logic_preservation_rate": 25.0,
      "no_new_vulnerabilities_rate": 69.23076923076923,
      "high_confidence_rate": 65.38461538461539
    },
    "vanilla_llm": {
      "total_samples": 52,
      "overall_rating_mean": 3.5384615384615383,
      "overall_rating_std": 2.437143445708991,
      "vulnerability_fix_rate": 15.384615384615385,
      "logic_preservation_rate": 28.846153846153843,
      "no_new_vulnerabilities_rate": 69.23076923076923,
      "high_confidence_rate": 88.46153846153845
    }
  },
  "comparison_table": [
    {
      "Configuration": "cwe_only_rag",
      "Overall Rating": "4.77\u00b12.35",
      "Vulnerability Fix Rate": "32.7%",
      "Logic Preservation Rate": "21.2%",
      "No New Vulnerabilities Rate": "73.1%",
      "High Confidence Rate": "82.7%",
      "Sample Count": 52
    },
    {
      "Configuration": "full_rag_1_cycle",
      "Overall Rating": "3.94\u00b11.82",
      "Vulnerability Fix Rate": "15.4%",
      "Logic Preservation Rate": "25.0%",
      "No New Vulnerabilities Rate": "63.5%",
      "High Confidence Rate": "75.0%",
      "Sample Count": 52
    },
    {
      "Configuration": "full_rag_2_cycles",
      "Overall Rating": "3.63\u00b11.78",
      "Vulnerability Fix Rate": "13.5%",
      "Logic Preservation Rate": "15.4%",
      "No New Vulnerabilities Rate": "51.9%",
      "High Confidence Rate": "75.0%",
      "Sample Count": 52
    },
    {
      "Configuration": "full_rag_no_refinement",
      "Overall Rating": "3.85\u00b11.95",
      "Vulnerability Fix Rate": "17.3%",
      "Logic Preservation Rate": "23.1%",
      "No New Vulnerabilities Rate": "76.9%",
      "High Confidence Rate": "75.0%",
      "Sample Count": 52
    },
    {
      "Configuration": "repo_only_rag",
      "Overall Rating": "4.19\u00b11.79",
      "Vulnerability Fix Rate": "23.1%",
      "Logic Preservation Rate": "25.0%",
      "No New Vulnerabilities Rate": "69.2%",
      "High Confidence Rate": "65.4%",
      "Sample Count": 52
    },
    {
      "Configuration": "vanilla_llm",
      "Overall Rating": "3.54\u00b12.44",
      "Vulnerability Fix Rate": "15.4%",
      "Logic Preservation Rate": "28.8%",
      "No New Vulnerabilities Rate": "69.2%",
      "High Confidence Rate": "88.5%",
      "Sample Count": 52
    }
  ],
  "best_performing": {
    "overall_rating": [
      "cwe_only_rag",
      {
        "total_samples": 52,
        "overall_rating_mean": 4.769230769230769,
        "overall_rating_std": 2.348260805031344,
        "vulnerability_fix_rate": 32.69230769230769,
        "logic_preservation_rate": 21.153846153846153,
        "no_new_vulnerabilities_rate": 73.07692307692307,
        "high_confidence_rate": 82.6923076923077
      }
    ],
    "vulnerability_fix": [
      "cwe_only_rag",
      {
        "total_samples": 52,
        "overall_rating_mean": 4.769230769230769,
        "overall_rating_std": 2.348260805031344,
        "vulnerability_fix_rate": 32.69230769230769,
        "logic_preservation_rate": 21.153846153846153,
        "no_new_vulnerabilities_rate": 73.07692307692307,
        "high_confidence_rate": 82.6923076923077
      }
    ]
  }
}