{
  "total_evaluations_analyzed": 312,
  "correlation_analysis": {
    "overall_rating_vs_exact_match": 0.0,
    "overall_rating_vs_bleu_score": 0.12113944291074939,
    "overall_rating_vs_semantic_similarity": 0.12156310554428569,
    "overall_rating_vs_edit_distance_similarity": 0.11994481457066355,
    "overall_rating_vs_token_overlap_similarity": 0.13483099413457345,
    "overall_rating_vs_structural_similarity": 0.12398003727638536,
    "overall_rating_vs_ast_similarity": 0.12398003727638536,
    "overall_rating_vs_syntactic_score": 0.1317220730954721,
    "overall_rating_vs_structural_score": 0.12398003727638536,
    "overall_rating_vs_overall_similarity": 0.13475224724774693,
    "vulnerability_fixed_vs_exact_match": 0.0,
    "vulnerability_fixed_vs_bleu_score": 0.1170750547573313,
    "vulnerability_fixed_vs_semantic_similarity": 0.12323558648036963,
    "vulnerability_fixed_vs_edit_distance_similarity": 0.11893784329975342,
    "vulnerability_fixed_vs_token_overlap_similarity": 0.10865191877417181,
    "vulnerability_fixed_vs_structural_similarity": 0.10292218619790892,
    "vulnerability_fixed_vs_ast_similarity": 0.10292218619790892,
    "vulnerability_fixed_vs_syntactic_score": 0.12165632004164231,
    "vulnerability_fixed_vs_structural_score": 0.10292218619790892,
    "vulnerability_fixed_vs_overall_similarity": 0.1251897557590425
  },
  "configuration_analysis": {
    "cwe_only_rag": {
      "llm_overall_rating_mean": 4.769230769230769,
      "llm_vulnerability_fix_rate": 32.69230769230769,
      "exact_match_rate": 0.0,
      "bleu_score_mean": 0.47982029568332357,
      "semantic_similarity_mean": 0.9040762197512847,
      "edit_distance_similarity_mean": 0.6779043544508367,
      "token_overlap_similarity_mean": 0.8102164793887707,
      "structural_similarity_mean": 0.9225007229871984,
      "ast_similarity_mean": 0.9225007229871984,
      "syntactic_score_mean": 0.6559803765076436,
      "structural_score_mean": 0.9225007229871984,
      "overall_similarity_mean": 0.5924755229858902
    },
    "full_rag_1_cycle": {
      "llm_overall_rating_mean": 3.9423076923076925,
      "llm_vulnerability_fix_rate": 15.384615384615385,
      "exact_match_rate": 0.0,
      "bleu_score_mean": 0.47982029568332357,
      "semantic_similarity_mean": 0.9040762197512847,
      "edit_distance_similarity_mean": 0.6779043544508367,
      "token_overlap_similarity_mean": 0.8102164793887707,
      "structural_similarity_mean": 0.9225007229871984,
      "ast_similarity_mean": 0.9225007229871984,
      "syntactic_score_mean": 0.6559803765076436,
      "structural_score_mean": 0.9225007229871984,
      "overall_similarity_mean": 0.5924755229858902
    },
    "full_rag_2_cycles": {
      "llm_overall_rating_mean": 3.6346153846153846,
      "llm_vulnerability_fix_rate": 13.461538461538462,
      "exact_match_rate": 0.0,
      "bleu_score_mean": 0.47982029568332357,
      "semantic_similarity_mean": 0.9040762197512847,
      "edit_distance_similarity_mean": 0.6779043544508367,
      "token_overlap_similarity_mean": 0.8102164793887707,
      "structural_similarity_mean": 0.9225007229871984,
      "ast_similarity_mean": 0.9225007229871984,
      "syntactic_score_mean": 0.6559803765076436,
      "structural_score_mean": 0.9225007229871984,
      "overall_similarity_mean": 0.5924755229858902
    },
    "full_rag_no_refinement": {
      "llm_overall_rating_mean": 3.8461538461538463,
      "llm_vulnerability_fix_rate": 17.307692307692307,
      "exact_match_rate": 0.0,
      "bleu_score_mean": 0.47982029568332357,
      "semantic_similarity_mean": 0.9040762197512847,
      "edit_distance_similarity_mean": 0.6779043544508367,
      "token_overlap_similarity_mean": 0.8102164793887707,
      "structural_similarity_mean": 0.9225007229871984,
      "ast_similarity_mean": 0.9225007229871984,
      "syntactic_score_mean": 0.6559803765076436,
      "structural_score_mean": 0.9225007229871984,
      "overall_similarity_mean": 0.5924755229858902
    },
    "repo_only_rag": {
      "llm_overall_rating_mean": 4.1923076923076925,
      "llm_vulnerability_fix_rate": 23.076923076923077,
      "exact_match_rate": 0.0,
      "bleu_score_mean": 0.47982029568332357,
      "semantic_similarity_mean": 0.9040762197512847,
      "edit_distance_similarity_mean": 0.6779043544508367,
      "token_overlap_similarity_mean": 0.8102164793887707,
      "structural_similarity_mean": 0.9225007229871984,
      "ast_similarity_mean": 0.9225007229871984,
      "syntactic_score_mean": 0.6559803765076436,
      "structural_score_mean": 0.9225007229871984,
      "overall_similarity_mean": 0.5924755229858902
    },
    "vanilla_llm": {
      "llm_overall_rating_mean": 3.5384615384615383,
      "llm_vulnerability_fix_rate": 15.384615384615385,
      "exact_match_rate": 0.0,
      "bleu_score_mean": 0.47982029568332357,
      "semantic_similarity_mean": 0.9040762197512847,
      "edit_distance_similarity_mean": 0.6779043544508367,
      "token_overlap_similarity_mean": 0.8102164793887707,
      "structural_similarity_mean": 0.9225007229871984,
      "ast_similarity_mean": 0.9225007229871984,
      "syntactic_score_mean": 0.6559803765076436,
      "structural_score_mean": 0.9225007229871984,
      "overall_similarity_mean": 0.5924755229858902
    }
  },
  "top_performing_patches": [
    {
      "project": "neomutt",
      "commit_hash": "1b0f0d0988e6df4e32e9f4bf8780846ea95d4485",
      "configuration": "cwe_only_rag",
      "overall_rating": 9,
      "overall_similarity": 0.748250906668619,
      "exact_match": false,
      "semantic_similarity": 1.0,
      "vulnerability_fixed": "yes"
    },
    {
      "project": "neomutt",
      "commit_hash": "1b0f0d0988e6df4e32e9f4bf8780846ea95d4485",
      "configuration": "full_rag_1_cycle",
      "overall_rating": 10,
      "overall_similarity": 0.748250906668619,
      "exact_match": false,
      "semantic_similarity": 1.0,
      "vulnerability_fixed": "yes"
    },
    {
      "project": "neomutt",
      "commit_hash": "1b0f0d0988e6df4e32e9f4bf8780846ea95d4485",
      "configuration": "full_rag_2_cycles",
      "overall_rating": 9,
      "overall_similarity": 0.748250906668619,
      "exact_match": false,
      "semantic_similarity": 1.0,
      "vulnerability_fixed": "yes"
    },
    {
      "project": "neomutt",
      "commit_hash": "1b0f0d0988e6df4e32e9f4bf8780846ea95d4485",
      "configuration": "full_rag_no_refinement",
      "overall_rating": 6,
      "overall_similarity": 0.748250906668619,
      "exact_match": false,
      "semantic_similarity": 1.0,
      "vulnerability_fixed": "yes"
    },
    {
      "project": "neomutt",
      "commit_hash": "1b0f0d0988e6df4e32e9f4bf8780846ea95d4485",
      "configuration": "repo_only_rag",
      "overall_rating": 7,
      "overall_similarity": 0.748250906668619,
      "exact_match": false,
      "semantic_similarity": 1.0,
      "vulnerability_fixed": "yes"
    },
    {
      "project": "neomutt",
      "commit_hash": "1b0f0d0988e6df4e32e9f4bf8780846ea95d4485",
      "configuration": "vanilla_llm",
      "overall_rating": 10,
      "overall_similarity": 0.748250906668619,
      "exact_match": false,
      "semantic_similarity": 1.0,
      "vulnerability_fixed": "yes"
    },
    {
      "project": "libtiff",
      "commit_hash": "43bc256d8ae44b92d2734a3c5bc73957a4d7c1ec",
      "configuration": "cwe_only_rag",
      "overall_rating": 3,
      "overall_similarity": 0.738681778289641,
      "exact_match": false,
      "semantic_similarity": 0.9826149940490723,
      "vulnerability_fixed": "partial"
    },
    {
      "project": "libtiff",
      "commit_hash": "43bc256d8ae44b92d2734a3c5bc73957a4d7c1ec",
      "configuration": "full_rag_1_cycle",
      "overall_rating": 2,
      "overall_similarity": 0.738681778289641,
      "exact_match": false,
      "semantic_similarity": 0.9826149940490723,
      "vulnerability_fixed": "no"
    },
    {
      "project": "libtiff",